Company,Website,Source,Has Designer (Y/N),Designer Titles Found,Screenshot Saved (Y/N),Notes,Date Found,Founded,Funded (Y/N),Funding Date,Design Quality,Product Image,First Name,Last Name,Job Title,LinkedIn URL,Email,Country,City,Company Name
Monolith AI,https://www.monolithai.com/,Founders Factory,Y,Senior Product Designer,N,Company site unreachable in this session (network egress blocked); found via WebSearch only. LinkedIn/blog references a Senior Product Designer role. No screenshot possible.,2026-09-03,,,,,,,,,,,,,
Dronamics,https://www.dronamics.com,Founders Factory,N,,N,"Site unreachable (egress blocked). WebSearch found only a 'Design Engineer' listing, no confirmed Product/UX/UI Designer title.",2026-09-03,,,,,,,,,,,,,
Valarian,https://www.valarian.com/,Founders Factory,N,,N,"Site unreachable (egress blocked). WebSearch results were ambiguous, matched other companies (Valerie Group, Valyuu) instead of this one. No reliable signal.",2026-09-03,,,,,,,,,,,,,
Scan.com,https://uk.scan.com/,Founders Factory,Y,Product Designer,N,"Site unreachable (egress blocked); found via WebSearch. Active Product Designer hiring (3+ yrs, UI/UX) confirmed; named team members Joe Daniels and Konrad Ziemlewski.",2026-09-03,,,,,,,,,,,,,
Fluidstack,https://www.fluidstack.io/,Founders Factory,Y,Product Designer,N,Site unreachable (egress blocked); found via WebSearch. Open Product Designer (IC) role for GPU infra dashboards confirmed.,2026-09-03,,,,,,,,,,,,,
Hades Mining,https://www.hades.com,Founders Factory,Y,Senior UI/UX Designer; UI/UX Designer,N,Site unreachable (egress blocked). WebSearch found job listings under 'Hades' but company match to this Hades Mining is uncertain - low confidence.,2026-09-03,,,,,,,,,,,,,
Terra AI,https://www.terraai.com/,Founders Factory,N,,N,"Site unreachable (egress blocked). WebSearch was ambiguous - multiple unrelated companies named Terra/Terra AI/Terra API, could not confirm design team for this specific one.",2026-09-03,,,,,,,,,,,,,
Circeus,https://www.circeus.com/,Founders Factory,N,,N,Site unreachable (egress blocked). No WebSearch signal found for this company at all - may be too small/new to be indexed.,2026-09-03,,,,,,,,,,,,,
Storyblok,https://www.storyblok.com/,Founders Factory,Y,Senior Staff Product Designer; User Interface Designer,N,Site unreachable (egress blocked); found via WebSearch. Active Product/UI Designer hiring confirmed on storyblok.com/jobs.,2026-09-03,,,,,,,,,,,,,
Peptone,https://peptone.io/,Founders Factory,N,,N,Site unreachable (egress blocked). WebSearch found no current design job listings (Wellfound/BuiltIn pages showed no open roles).,2026-09-03,,,,,,,,,,,,,
Tembo,https://www.tembomoney.com/,Founders Factory,Y,Lead Product Designer,N,"Site unreachable (egress blocked); found via WebSearch. Note: multiple unrelated companies also named Tembo exist, moderate confidence only.",2026-09-03,,,,,,,,,,,,,
Landvault,https://landvault.io/,Founders Factory,N,,N,Site unreachable (egress blocked). No confirmed current design job listing found via WebSearch.,2026-09-03,,,,,,,,,,,,,
Perlego,https://www.perlego.com,Founders Factory,Y,Product Designer; Growth Product Designer,N,Site unreachable (egress blocked); found via WebSearch. Confirms a 4-person design team and active hiring for two design roles.,2026-09-03,,,,,,,,,,,,,
Flourish,https://flourish.studio/,Founders Factory,Y,Product Designer; UI/UX Designer,N,Site unreachable (egress blocked); found via WebSearch. Design Lead named (Daan Louter); open Product Designer / UI/UX Designer roles confirmed.,2026-09-03,,,,,,,,,,,,,
Endolith,https://www.endolithmining.com/,Founders Factory,N,,N,Site unreachable (egress blocked). No WebSearch signal found for this company specifically.,2026-09-03,,,,,,,,,,,,,
Feedr,https://feedr.co/,Founders Factory,N,,N,Site unreachable (egress blocked). No WebSearch signal found for this company.,2026-09-03,,,,,,,,,,,,,
Synthesized,https://www.synthesized.io/,Founders Factory,N,,N,Site unreachable (egress blocked). Careers page exists (synthesized.io/careers) but no specific design roles surfaced via WebSearch.,2026-09-03,,,,,,,,,,,,,
Honest Health (Hims UK),https://www.forhims.co.uk/,Founders Factory,N,,N,Site unreachable (egress blocked). No WebSearch signal found for this specific entity.,2026-09-03,,,,,,,,,,,,,
Byway,https://www.byway.travel/,Founders Factory,Y,Lead Product Designer (historical listing),N,Site unreachable (egress blocked); found via WebSearch. A 'Lead Product Designer' role from 2022-2023 was found; current team status unconfirmed.,2026-09-03,,,,,,,,,,,,,
Fundamental VR,https://fundamentalsurgery.com/,Founders Factory,Y,Product Designer; UI/UX Designer,N,Site unreachable (egress blocked); found via WebSearch. Open design roles for VR/MR surgical training confirmed on Wellfound.,2026-09-03,,,,,,,,,,,,,
Iris AI,https://iris.ai/,Founders Factory,N,,N,"Site unreachable (egress blocked). WebSearch results were ambiguous and matched a different, unrelated 'Iris' company in Brisbane.",2026-09-03,,,,,,,,,,,,,
Xapien,https://xapien.com/,Founders Factory,Y,Principal Product Designer,N,Site unreachable (egress blocked); found via WebSearch. Open Principal Product Designer role (most senior IC design role) confirmed via Ashby listing.,2026-09-03,,,,,,,,,,,,,
Synthesia,https://www.synthesia.io/,Seedcamp,Y,Senior Product Designer; Principal Product Designer; Product Designer (Growth); Product Designer (Creator),N,Site unreachable (egress blocked); found via WebSearch. Multiple active Product Designer roles confirmed across Ashby listings.,2026-09-03,,,,,,,,,,,,,
Revolut,https://www.revolut.com/,Seedcamp,N,,N,"Not individually researched (large well-known fintech, thousands of employees); skipped for time budget. Flag for manual follow-up if needed.",2026-09-03,,,,,,,,,,,,,
UiPath,https://www.uipath.com/,Seedcamp,N,,N,Not individually researched (large public company); skipped for time budget. Flag for manual follow-up if needed.,2026-09-03,,,,,,,,,,,,,
Wise,https://wise.com/,Seedcamp,N,,N,Not individually researched (large public company); skipped for time budget. Flag for manual follow-up if needed.,2026-09-03,,,,,,,,,,,,,
Dust,https://dust.tt/,Seedcamp,Y,Senior Product Designer; Principal Designer; Product Designer,N,"Site unreachable (egress blocked); found via WebSearch. Named team members Edouard Wautier (Principal Designer), Alexandre Pinot and Clement Aupiais (Product Designers).",2026-09-03,,,,,,,,,,,,,
9fin,https://9fin.com/,Seedcamp,Y,Senior Product Designer,N,Site unreachable (egress blocked); found via WebSearch. Open Senior Product Designer role for Onboarding & Activation team confirmed.,2026-09-03,,,,,,,,,,,,,
Function Health,https://www.functionhealth.com/,Seedcamp,Y,Principal Product Designer; Senior Product Designer; Product Designer (Mid-level),N,Site unreachable (egress blocked); found via WebSearch. Multiple concurrent open design roles confirmed.,2026-09-03,,,,,,,,,,,,,
Primer,https://primer.io/,Seedcamp,Y,Product Designer,N,"Site unreachable (egress blocked); found via WebSearch. A 'first product designer' hire posting was found (listing now closed), so current status uncertain.",2026-09-03,,,,,,,,,,,,,
Sorare,https://sorare.com/,Seedcamp,N,,N,Not individually researched; skipped for time budget. Flag for manual follow-up if needed.,2026-09-03,,,,,,,,,,,,,
Pleo,https://www.pleo.io/,Seedcamp,Y,Principal Product Designer; Product Designer; UX Content Designer; VP Design,N,Site unreachable (egress blocked); found via WebSearch. Confirms a 40+ person Product Design/Research/Brand Design team.,2026-09-03,,,,,,,,,,,,,
Lindus Health,https://www.lindushealth.com/,Seedcamp,Y,Product Design Lead; UI/UX Designer,N,Site unreachable (egress blocked); found via WebSearch. Product Design Lead listing found (noted as removed as of Jan 2026); current status uncertain.,2026-09-03,,,,,,,,,,,,,
Bioorbit,https://bioorbit.bio/,Seedcamp,N,,N,Site unreachable (egress blocked). No WebSearch signal found for this specific company.,2026-09-03,,,,,,,,,,,,,
Qumata,https://qumata.com,Founders Factory,N,,N,Site unreachable (egress blocked); found via WebSearch only. No design-role signal found.,2026-09-03,2017 (as HealthyHealth),Y,"Feb 2022 ($13M Series A ext, total $23M raised)",,,,,,,,,,
Nila,https://www.nilacares.com/,Founders Factory,N,,N,"Site unreachable (egress blocked); found via WebSearch only. No design-role signal for this company (a WebSearch hit was a false positive for unrelated ""NilaApps India"").",2026-09-03,Late 2023 (launched early 2024),Y,"Oct 2024 ($2.4M pre-seed, LocalGlobe)",,,,,,,,,,
Meet Warren,https://meetwarren.co.uk/,Founders Factory,N,,N,"Site unreachable (egress blocked); found via WebSearch only. No design-role signal found. Not to be confused with Belgian fintech ""Warren"".",2026-09-03,2025,Y,Backed by Founders Factory; amount/date undisclosed,,,,,,,,,,
Credit Canary,https://www.creditcanary.co.uk/,Founders Factory,N,,N,"Site unreachable (egress blocked); found via WebSearch only. Searches mostly surfaced unrelated ""Canary Technologies"" - no real signal for this company.",2026-09-03,2022,Y,$942K total raised; date not found,,,,,,,,,,
Shepherd,https://shepherd.fm/,Founders Factory,N,,N,"Site domain did not resolve (DNS failure, separate from egress block) - may be down/defunct. No design signal found via WebSearch.",2026-09-03,~2017,Y,Nov 2017 ($870K seed),,,,,,,,,,
Ocean Hex,https://www.oceanhex.com.au/,Founders Factory,N,,N,Site unreachable (egress blocked); found via WebSearch only. No design-role or funding signal found; likely pre-seed/bootstrapped.,2026-09-03,,N,,,,,,,,,,,
COGZ,https://cogz.co/,Founders Factory,N,,N,"Site unreachable (egress blocked); found via WebSearch only. Tracxn (2026) lists company status as ""Closed"" - may no longer be operating; verify before outreach.",2026-09-03,2017,Y,£250K from Founders Factory/M&S partnership,Company appears closed/defunct per third-party tracker,,,,,,,,,
Connexa,https://autoconnexa.it/,Founders Factory,N,,N,Site unreachable (egress blocked); found via WebSearch only. No design-role signal found.,2026-09-03,2019,Y,"~2025/26 (€4.4M raise, total >€6M)",,,,,,,,,,
Confide,https://www.confideplatform.com/,Founders Factory,N,,N,Site unreachable (egress blocked); found via WebSearch only. No design-role signal found.,2026-09-03,2023,Y,"Nov 30 2023 (seed round, amount undisclosed)",,,,,,,,,,
Expertly,https://www.shopexpertly.com/,Founders Factory,N,,N,"Site unreachable (egress blocked); found via WebSearch only. Tracxn notes company ""not active anymore"" (2025 data) despite still listed on Founders Factory's live portfolio - status uncertain, verify before outreach.",2026-09-03,2020,Y,"Nov 5 2021 (seed round, undisclosed amount, led by Founders Factory)",Possibly inactive per third-party tracker,,,,,,,,,
Fetchy Fox,https://www.fetchyfox.com/,Founders Factory,N,,N,"Site unreachable (egress blocked); found via WebSearch only. About page snippet mentions ""a team of designers, engineers, and problem-solvers"" but no specific Product/UX/UI Designer title confirmed.",2026-09-03,2016 (sources vary 2016-2019),Y,Investors: Founders Factory + Unlock Advisors; amount/date not found,,,,,,,,,,
Calvin Risk,https://www.calvin-risk.com/,Founders Factory,N,,N,Site unreachable (egress blocked); found via WebSearch only. About-us snippet showed only CEO/CTO; full team roster unconfirmed.,2026-09-03,2022 (ETH Zurich spinoff),Y,"Nov 2024 (€3.8M seed, total €4.7M+)",,,,,,,,,,
Nucleo Research,https://nucleoresearch.com/,Founders Factory,N,,N,"Site unreachable (egress blocked); found via WebSearch only. No design-role signal found. Distinct from unrelated ""Nucleai"" (Tel Aviv) - do not conflate.",2026-09-03,2025 (YC F25 batch),Y,$4.0M raised; date not specified,,,,,,,,,,
Future Builders,http://futurebuilders.co/,Founders Factory,N,,N,"Site unreachable (egress blocked); found via WebSearch only. WebSearch strongly suggests this venture was ""permanently closed"" - treat as likely defunct, verify before outreach.",2026-09-03,,Y,Funded by Founders Factory; amount/date not found,Likely defunct per WebSearch,,,,,,,,,
Mina Health,https://hellominahealth.com/,Founders Factory,N,,N,"Site unreachable (egress blocked); found via WebSearch only. A Dribbble case study shows their product UI was built by external design agency ""Arounda"" - suggests outsourced design rather than in-house hire.",2026-09-03,2020,Y,"Investors: Grid110, Founders Factory, Neutrogena; amount/date not found",,,,,,,,,,
Sales Gauge,http://www.sales-gauge.com/,Founders Factory,N,,N,"Site unreachable (egress blocked); found via WebSearch only. No team/design page found. Note: profile found (Tim Haller, ex-HP, sales training/coaching) may not match the FF portfolio entry - verify before outreach.",2026-09-03,2009,,,,,,,,,,,,
Risparmier,https://risparmier.ai/,Founders Factory,N,,N,Site unreachable (egress blocked); found via WebSearch only. No clear info found; searches surfaced unrelated Italian savings apps instead.,2026-09-03,,,,,,,,,,,,,
Meshed Cover,https://www.meshedcover.com,Founders Factory,N,,N,Site unreachable (egress blocked); found via WebSearch only. No designer job posting found; well-funded and recently launched - good outreach candidate.,2026-09-03,2024,Y,"Aug 18 2025 (£950K pre-seed, Haatch-led w/ Aviva via Founders Factory)",,,,,,,,,,
Wonders of Maths,https://www.wondersofmaths.com,Founders Factory,N,,N,"Site unreachable (egress blocked); found via WebSearch only. Note: FF portfolio page links to ""wondersoflearning.co"" which does not resolve - likely a rebrand/domain change.",2026-09-03,2014,Y,"Mar 9 2023 (latest of 5 rounds, total $1.26M)",,,,,,,,,,
Gridshare,https://www.gridshare.it/,Founders Factory,N,,N,"Site unreachable (egress blocked); found via WebSearch only. Milan Venture Studio (FF + Fastweb) spinout, renewable-energy crowdfunding platform.",2026-09-03,2023,Y,Crowdfunding rounds for solar farms; equity funding date unclear,,,,,,,,,,
ScaleXP,https://www.scalexp.com/,Founders Factory,N,,N,Site unreachable (egress blocked); found via WebSearch only. No designer role found; B2B SaaS analytics tool - plausible design need.,2026-09-03,2019,Y,May 19 2021 (£600K seed; total raised $1.47M),,,,,,,,,,
Kayna,https://kayna.io,Founders Factory,N,,N,"Site unreachable (egress blocked); found via WebSearch only. Insurtech, multiple funding rounds - active/growing.",2026-09-03,2021,Y,Sep 2023 (€1M pre-seed); later €1.5M seed (date not found),,,,,,,,,,
Konduit,https://www.konduitcapacity.com/,Founders Factory,N,,N,"Site unreachable (egress blocked); found via WebSearch only. Actively hiring Founding Engineer/Co-Founder roles, no design role posted - suggests no in-house designer yet. Very early-stage FF venture studio project (Aviva-backed).",2026-09-03,Likely 2025,,,,,,,,,,,,
Finmo,https://finmo.co.uk,Founders Factory,N,,N,Site unreachable (egress blocked); found via WebSearch only. Small team (~3 employees). Note: distinct from unrelated Singapore treasury-tech company of the same name.,2026-09-03,2017,Y,Seed round led by Founders Factory; date not found,,,,,,,,,,
Fountain Money,https://www.fountain.money/,Founders Factory,N,,N,Site unreachable (egress blocked); found via WebSearch only. Company appears closed/acquired per Crunchbase - deprioritize as a lead.,2026-09-03,,Y,"Seed round, FF was lead investor; date not found",Company appears closed/acquired,,,,,,,,,
Txeya,https://txeya.com,Founders Factory,N,,N,Site unreachable (egress blocked); found via WebSearch only. No designer role found; fintech banking platform for diverse/LGBTQ+ founders.,2026-09-03,~2022,,,,,,,,,,,,
Upside,https://www.upsidesaving.com/,Founders Factory,N,,N,Site unreachable (egress blocked); found via WebSearch only. Company appears to have been acquired by Cheddar - verify current status before outreach.,2026-09-03,2020,Y,Total $2M raised; dates not found,Company appears acquired,,,,,,,,,
Zipabout,https://www.zipabout.com,Founders Factory,N,,N,"Site unreachable (egress blocked); found via WebSearch only. Established transport-tech SaaS, multiple funding rounds - mature product, likely ongoing design needs.",2026-09-03,2011,Y,Dec 2019 (£1.35M seed; total raised ~$1.8M),,,,,,,,,,
Conveyd,https://conveyd.co.uk,Founders Factory,N,,N,"Site unreachable (egress blocked); found via WebSearch only. Freshly funded and building, no designer role found - good timing for a design-partner pitch.",2026-09-03,2024 (launched March 2025),Y,"Dec 2025 (£2.5M seed, led by Eka Ventures, w/ Founders Factory)",,,,,,,,,,
Equis,https://www.gruppoequis.com/,Founders Factory,N,,N,"Site unreachable (egress blocked); found via WebSearch only. Still described as ""Project Equis,"" FF Italy still recruiting Founder/CEO and CFO co-founder - appears pre-launch/very early.",2026-09-03,,,,,,,,,,,,,
Waniwani,https://www.waniwani.ai,Seedcamp,N,,N,"Site unreachable (egress blocked); found via WebSearch/LinkedIn only. Founders/eng team only (Robin Diligent, Maxime Antoine, et al.) - no design titles found.",2026-09-03,"2026 (uncertain, may be registration date)",Y,~Jun 2026 ($8M seed led by Seedcamp),,,,,,,,,,
Eversettled,https://www.eversettled.com,Seedcamp; EF,N,,N,Site unreachable (egress blocked); found via WebSearch/LinkedIn only. Portfolio company of both Seedcamp and EF (co-investors). Only CEO Arum Kempster & CTO Jacob Effenberger found - no design titles.,2026-09-03,~2025,Y,"Jul 16 2026 ($5M seed led by Emergence Capital, Seedcamp participating)",,,,,,,,,,
Resolyst,https://www.resolyst.com,Seedcamp,N,,N,Site unreachable (egress blocked); found via WebSearch/LinkedIn only. Founder Molly Gilmartin only team member surfaced - no design titles.,2026-09-03,Not confirmed (likely 2025),Y,"Date not found; $3M pre-seed, investors incl. Seedcamp, AlbionVC, Calm/Storm",,,,,,,,,,
Penelope Health,https://penelope.health,Seedcamp,N,,N,"Site unreachable (egress blocked); found via WebSearch/LinkedIn only. Co-founders Sohum Patel & ""Mattijs"" only names found - no design titles.",2026-09-03,2025,Y,Amount/date not confirmed; seed-stage per search,,,,,,,,,,
Opereit,https://opereit.ai,Seedcamp,N,,N,"Site unreachable (egress blocked); found via WebSearch/LinkedIn only. A freelance designer is credited for brand guidelines/logo/identity - freelance branding, not in-house design role. No in-house designer found - good outreach lead.",2026-09-03,"2025, Barcelona",Y,~Jun 2026 (€2.2M/$2.5M pre-seed led by Seedcamp & Yellow),,,,,,,,,,
Lupin & Holmes,https://www.landh.tech,Seedcamp,N,,N,"Site unreachable (egress blocked); found via WebSearch/LinkedIn only. 2-10 employees. Freelance art director/UI designer + illustrator credited for site - freelance, not in-house. No in-house design hire found - good outreach lead.",2026-09-03,"2024, Grenoble France",Y,Mar 2026 ($5.9M pre-seed co-led by 20VC & Seedcamp),,,,,,,,,,
Sherpa,https://sherpahq.ai,Seedcamp,N,,N,"Site unreachable (egress blocked); found via WebSearch/LinkedIn only. Founders Tristan Deschler, Tim Altpeter, Max Lang - no design titles found. Note: an unrelated company also called ""sherpa°"" (joinsherpa.com) has active design roles but is NOT this Seedcamp-backed company - excluded from this row.",2026-09-03,Not confirmed,Y,"Jul 2026 ($2.2M pre-seed co-led by Seedcamp, DN Capital, Activant Capital, Brighteye)",,,,,,,,,,
Pair,https://www.pairnow.ai,Seedcamp,N,,N,"Site unreachable (egress blocked); found via WebSearch/LinkedIn only. Founders Dr James Kuht MBE & Mark Mitchell, ~8 employees - no design titles found. Note: an unrelated ""Pair AI""/Inversity (YC ed-tech) exists - excluded from this row.",2026-09-03,"2024, London",Y,Amount/date undisclosed; seed round per Seedcamp article,,,,,,,,,,
Uncovr,https://uncovr.ai,Seedcamp,N,,N,Site unreachable (egress blocked); found via WebSearch/LinkedIn only. Team of 8 identified via LinkedIn - no design titles among them.,2026-09-03,"2025, New York/Paris",Y,"Jun 2026 ($7M seed led by Index Ventures, Seedcamp participating)",,,,,,,,,,
Tattvam,https://www.tattvamlabs.ai,Seedcamp,N,,N,"Site unreachable (egress blocked); found via WebSearch/LinkedIn only. Very small team (1-10 employees), founders only - no design titles found.",2026-09-03,"2025, London",Y,~Feb 2026 ($1.7M pre-seed led by Seedcamp),,,,,,,,,,
Peripheral Labs,https://peripheral.so,EF,N,,N,Site unreachable (egress blocked); found via WebSearch only. No design job postings found.,2026-09-03,2024,Y,"Dec 2025 ($3.6M seed, Khosla Ventures-led; one source cites ~$9M total raised)",,,,,,,,,,
8x Social,https://8x.social,EF,N,,N,Site unreachable (egress blocked); found via WebSearch only. No design job postings found.,2026-09-03,,,,,,,,,,,,,
Juno Bio,https://juno.bio,EF,Y,Senior Product Designer (Contract),N,"Site unreachable (egress blocked); design role found only via WebSearch (job-board reference plus a freelance designer's portfolio case study referencing work for Juno Bio) - indirect/unverified, not confirmed on company's own careers page.",2026-09-03,2018,Y,Jul 2026 ($3.8M),,,,,,,,,,
2by4.ai,https://2by4.ai,EF,N,,N,Site unreachable (egress blocked); found via WebSearch only. No design job postings found.,2026-09-03,,Y,Jul 2026 (amount undisclosed),,,,,,,,,,
Trellis Tech,https://trellistech.com,EF,N,,N,"Site unreachable (egress blocked); found via WebSearch only. Search surfaced design-hiring results only for unrelated companies sharing the ""Trellis"" name - inconclusive for this company.",2026-09-03,2026,Y,2026 ($500K; also YC-backed),,,,,,,,,,
Lemrock,https://lemrock.com,EF,N,,N,"Site unreachable (egress blocked); found via WebSearch only. A low-reliability job aggregator showed a ""Senior Product Designer, Agentic Commerce"" listing but not clearly tied to this company - treated as inconclusive.",2026-09-03,2025,Y,Mar 2026 ($4.6M seed led by Galion),,,,,,,,,,
Callosum,https://callosum.com,EF,N,,N,Site unreachable (egress blocked); found via WebSearch only. No design-specific job postings found; career messaging is generic with no design titles named.,2026-09-03,2025,Y,Aug 2026 ($100M seed),,,,,,,,,,
GoodGym,https://www.goodgym.org,Bethnal Green Ventures,N,,N,"Site unreachable (egress blocked); found via WebSearch only. Official careers page surfaced only Area Activator/Operations Support roles, no design titles found. Non-profit community fitness/volunteering platform.",2026-09-03,2009 (running since 2007),Y,"2014 (£245k grant, Centre for Social Action Innovation Fund)",,,,,,,,,,
DrDoctor,https://www.drdoctor.co.uk,Bethnal Green Ventures,Y,Senior UX Designer,N,"Site unreachable (egress blocked); indirect via WebSearch - Senior UX Designer role (£50k-£70k) found via job listing and careers page reference. NHS patient-engagement platform, 70+ NHS trust clients.",2026-09-03,2012,Y,"Oct 5 2020 (£3.0m Series A, Ananda Impact Ventures / 24Haymarket)",,,,,,,,,,
Second Nature,https://www.secondnature.io,Bethnal Green Ventures,Y,Senior UX Designer; UX Designer; Product Design Lead,N,"Site unreachable (egress blocked); indirect via WebSearch - multiple concurrent/recent design job listings found. Diabetes-prevention/habit-change app, NHS partner.",2026-09-03,Not confirmed,Y,"2020 ($10m Series A, Beringea)",,,,,,,,,,
Piclo,https://www.piclo.energy,Bethnal Green Ventures,Y,UX Designer,N,"Site unreachable (egress blocked); indirect via WebSearch - UX Designer listing referencing ""lead and grow the UX team."" Energy-flexibility marketplace, B2B/DSO-facing platform.",2026-09-03,2013,Y,"Jan 2021 (£1.5m, Clean Growth Fund); later £8.3m Series B (date unconfirmed)",,,,,,,,,,
Overleaf,https://www.overleaf.com,Bethnal Green Ventures,Y,UX Designer (with a focus on UI design),N,"Site unreachable (egress blocked); indirect via WebSearch - remote UX Designer role found on job boards. Went through BGV accelerator in 2013; now reportedly bootstrapped ($9.1M ARR, no recent VC).",2026-09-03,2012,Y,2013-2017 (BGV accelerator 2013; Digital Science strategic investment 2014; early-stage VC through 2017),,,,,,,,,,
Organise,https://organise.network,Bethnal Green Ventures,N,,N,"Site unreachable (egress blocked); found via WebSearch only, no company-specific design-role evidence surfaced (treat as ""not found"" rather than confirmed absence). Worker-rights/workplace-campaigns platform.",2026-09-03,2017,Y,"Jul 7 2020 (£570k seed, led by Ada Ventures)",,,,,,,,,,
Spondle,https://www.spondle.co,Bethnal Green Ventures,N,,N,"Site unreachable (egress blocked); found via WebSearch only, no team/design info found; product in Beta (household-organizer app), trading name of ParentCo LTD. Part of BGV's April 2026 cohort.",2026-09-03,"Not confirmed (very early-stage, ~2025)",Y,Apr 21 2026 (BGV investment),,,,,,,,,,
Novi Innovations,https://www.getnovi.co.uk,Bethnal Green Ventures,N,,N,"Site unreachable (egress blocked); found via WebSearch only. Founding team identified (Matt Stewart, Lucas Chow, Nadav Jacobs) with no designer title mentioned. University of Bristol student startup, part of BGV's April 2026 cohort.",2026-09-03,~2025 (student startup),Y,Apr 21 2026 (BGV investment); also won £10k Bristol New Enterprise Competition,,,,,,,,,,
Vinterior,https://vinterior.co,Seedcamp,Y,Senior Product Designer,N,"Company site (vinterior.co) blocked by network egress policy; findings via WebSearch only (job boards, press, LinkedIn). A job listing noted the product team includes 1 Product Designer among ~43 staff. No screenshot possible due to egress block.",2026-09-03,2015,Y,2021-09 (~€9.3M round),,,Sandrine,Zhang Ferron,Founder & CEO,https://uk.linkedin.com/in/sandrinezhang,,UK,London,Vinterior
Grover,https://www.getgrover.com,Seedcamp,Y,Product Designer (m/f/x),N,"Site blocked by egress policy; found via WebSearch (Greenhouse job listing, startup.jobs Head of UX listing). Team reportedly includes a Product Design Lead, Sr. Product Designers, a Product Designer, and a Head of UX role. No named contact found reliably. No screenshot possible.",2026-09-03,2015,Y,"2022-04 (Series C, $330M total: $110M equity + $220M debt, led by Energy Impact Partners)",,,,,,,,Germany,Berlin,Grover
Skyflow,https://www.skyflow.com,Seedcamp,Y,Head of Product Design,N,Site blocked by egress policy; found via WebSearch (theorg.com org chart). Zari Salimnejad confirmed as Head of Product Design; no reliable direct LinkedIn URL found for her so left blank. No screenshot possible.,2026-09-03,2019,Y,"2024-03 (Series B extension, $27M; ~$98M total raised since 2020)",,,Zari,Salimnejad,Head of Product Design,,,US,Palo Alto,Skyflow
Sable Bio,https://sablebio.com,Seedcamp,N,,N,"Verified as the correct Seedcamp-backed company (AI drug-safety/discovery biotech, London), confirmed via seedcamp.com press release. Site blocked by egress policy; WebSearch found no Product/UX/UI Designer titles on the team. No screenshot possible.",2026-09-03,2023,Y,"2024-02 (pre-seed, ~€1.7M / reported as £1.5M, led by Episode1 Ventures, with Seedcamp participating)",,,Alex,de Giorgio,Co-Founder & CEO,,,UK,London,Sable Bio
Arcjet,https://arcjet.com,Seedcamp,N,,N,"Site blocked by egress policy; found via WebSearch. No Product/UX/UI Designer titles found (small team, single named founder). No screenshot possible.",2026-09-03,2023,Y,"2025-10 (Series A, $8.3M, led by Plural, with Seedcamp participating; total raised $12.1M incl. $3.6M seed Sept 2024 led by a16z)",,,David,Mytton,Founder & CEO,https://www.linkedin.com/in/davidmytton/,,US,New York,Arcjet
Baserow,https://baserow.io,Seedcamp,N,,N,Site blocked by egress policy; found via WebSearch. No Product/UX/UI Designer titles found on the team. No screenshot possible.,2026-09-03,,Y,"2022-07 (Seed, €5M, led by Inkef, with Seedcamp, firstminute capital, Frontline participating)",,,Bram,Wiepjes,Co-Founder & CEO,https://www.linkedin.com/in/bram-wiepjes-a197a5129/,,Netherlands,,Baserow
Appwrite,https://appwrite.io,Seedcamp,N,,N,Site blocked by egress policy; found via WebSearch. No Product/UX/UI Designer titles found on the team. No screenshot possible.,2026-09-03,2019,Y,"2022-04 (Series A, $27M; total raised $37M, investors incl. Bessemer Venture Partners, Flybridge Capital Partners)",,,Eldad,Fux,Founder & CEO,https://www.linkedin.com/in/eldadfux/,,Israel,Tel Aviv,Appwrite
Liveblocks,https://liveblocks.io,Seedcamp,N,,N,"Site blocked by egress policy; found via WebSearch. No current employee Product/UX/UI Designer title found on the team page; note co-founder/CEO Steven Fabre was previously a product designer at InVision (design-credibility signal, not a current title). No screenshot possible.",2026-09-03,2021,Y,"2022-03 (Seed, $5M, led by Boldstart, with Atlassian, Seedcamp, Kima Ventures; total raised $10M incl. $1.4M pre-seed in 2021)",,,Steven,Fabre,Co-Founder & CEO,https://www.linkedin.com/in/steven-fabre-5510bb38,,,,Liveblocks
Meilisearch,https://www.meilisearch.com,Seedcamp,N,,N,Site blocked by egress policy; found via WebSearch. No Product/UX/UI Designer titles found on the team. No screenshot possible.,2026-09-03,2018,Y,"Series A, $15M, led by Felicis, with CRV, LocalGlobe, Seedcamp, Guillermo Rauch participating (exact date not confirmed)",,,Clément,Renault,Co-Founder & CEO,,,France,Paris,Meilisearch
tl;dv,https://tldv.io,Seedcamp,N,,N,Site blocked by egress policy; found via WebSearch. No Product/UX/UI Designer titles found on the team. No screenshot possible.,2026-09-03,2020,Y,"2022-06 (Seed, $4.49M, led by K Fund, with Seedcamp, Shilling participating)",,,Raphael,Allstadt,Co-Founder & CEO,https://www.linkedin.com/in/allstadt/,,Germany,Aachen,tl;dv
Metaview,https://www.metaview.ai,Seedcamp,Y,Product Designer (open role per careers page),N,"Site blocked by egress policy; found via WebSearch. Metaview's careers page (per search snippet) lists Product Designer among current open roles — an active hiring signal, not a confirmed filled title. No screenshot possible.",2026-09-03,2017 (some sources cite 2018),Y,"Series B, $35M (date not confirmed); earlier $6M seed round",,,Siadhal,Magos,Co-Founder & CEO,https://uk.linkedin.com/in/siadhal,,UK,London,Metaview
Maze,https://maze.co,Seedcamp,Y,Product Designer,N,"Site blocked by egress policy; found via WebSearch (Maze blog, Ashby/designproject.io job listings). Confirmed open Product Designer roles and an internal Experience Design team (~6 product designers per company blog). Co-founder/CEO Jonathan Widawski is himself a former product designer. No screenshot possible.",2026-09-03,2018,Y,"2022-07 (Series B, $40M; total raised $57.5M, investors incl. Partech, Seedcamp, Amplify Partners, Emergence Capital)",,,Jonathan,Widawski,Co-Founder & CEO,,,,,Maze
QuestDB,https://questdb.io,Seedcamp,N,,N,Site blocked by egress policy; found via WebSearch. No Product/UX/UI Designer titles found on the team. No screenshot possible.,2026-09-03,2019,Y,"Series A, $12M, from 468 Capital and Uncorrelated Ventures (date not confirmed); total raised $14.3M incl. $2.3M seed via YC S20",,,Nicolas,Hourcard,Co-Founder & CEO,https://www.linkedin.com/in/nicolas-hourcard-cfa-b7349b37/,,UK,London,QuestDB
Rossum,https://rossum.ai,Seedcamp,N,,N,Site blocked by egress policy; found via WebSearch. No Product/UX/UI Designer titles found on the team. No screenshot possible.,2026-09-03,2016,Y,"2021-10 (Series A, $100M, led by General Catalyst, with LocalGlobe, Seedcamp, Elad Gil participating)",,,Tomas,Gogar,Co-Founder & CEO,https://www.linkedin.com/in/tomas-gogar/,,,,Rossum
Manara,https://www.manara.tech,Seedcamp,N,,N,"Verified as the correct Seedcamp-backed company (MENA tech-talent/education platform), confirmed via seedcamp.com press release. Site blocked by egress policy; WebSearch found no Product/UX/UI Designer titles (edtech/talent platform, not a typical design-hire signal). No screenshot possible.",2026-09-03,2021,Y,"2022-05 (pre-seed, $3M)",,,Iliana,Montauk,Co-Founder & CEO,https://www.linkedin.com/in/ilianamontauk/,,US,,Manara
Cleo,https://www.meetcleo.com/,EF,Y,Lead Product Designer; Senior Product Designer; Head of Design; Lead Content Designer; Executive Creative Director - Brand,N,Indirect/unverified via WebSearch only - egress policy blocks joinef.com directly and meetcleo.com was not independently fetched in this session. Multiple concurrent open design roles found via joinef.com/portfolio.joinef.com job listings. Andy Lobban held VP Design (Interim) role 2023-2024 per a design case study; current named design leader not confirmed.,2026-09-03,2016,Y,Jun 2022 ($80M Series C led by Sofina Capital; total $175M raised across 11 rounds per Crunchbase/Tracxn),,,,,,,,United Kingdom,London,Cleo
Aztec Network,https://aztec.network/,EF,Y,Product Designer; UI/UX Designer; UX Designer,N,Indirect/unverified via WebSearch only - company site not independently fetched in this session. Wellfound/job listings show open Product Designer and UI/UX Designer roles; Aztec Labs team page names Maria Teixeira as UX Designer. Her LinkedIn URL could not be confirmed (multiple same-name profiles found) so it is left blank rather than guessed.,2026-09-03,~2017 (Aztec Labs spun out as standalone product company from the Aztec Network project),Y,Date not found; total $121.3M raised per search,,,Maria,Teixeira,UX Designer,,,,,Aztec Network
Davis,https://www.meetdavis.com/,EF,N,,N,"Indirect/unverified via WebSearch only. Founding team (Mehdi Rais, Amine Chraibi) are architects/AI researchers and the ~9-person team is mostly technical researchers - no Product/UX/UI Designer title found.",2026-09-03,2025,Y,"May 2026 ($5.5M / €4.6M pre-seed led by Heartcore Capital and Balderton Capital, with Entrepreneurs First participating)",,,Mehdi,Rais,Co-Founder,,,France,Paris,Davis
Neptune Robotics,https://neptune-robotics.com/,EF,N,,N,"Indirect/unverified via WebSearch only. Founding team (Elizabeth Chan - CEO, Kate Honqian Ma - COO, Jacky Im - CTO) is operations/engineering focused; no Product/UX/UI Designer title found for this robotic hull-cleaning hardware company.",2026-09-03,2018 (Elizabeth Chan became Founder in Residence at EF in 2018),Y,"Date not found; total $69.4M raised per Crunchbase (investors include Entrepreneur First, SOSV, HAX)",,,Elizabeth,Chan,Co-Founder & CEO,,,,,Neptune Robotics
Ai Palette,https://www.aipalette.com/,EF,N,,N,"Indirect/unverified via WebSearch only. LinkedIn team snippets show Food & Beverage Intelligence, Customer Success, and Insights & Analytics roles - no Product/UX/UI Designer title found.",2026-09-03,2018,Y,Date not found; total $12.7M raised across 4 rounds (incl. $4.4M Series A and $5.7M Series A1),,,Somsubhra,GanChoudhuri,Co-founder & CEO,,,Singapore,,Ai Palette
Chatterbox,https://chatterbox.io/,Bethnal Green Ventures,Y,EdTech UX Design & Product Lead,N,Indirect/unverified via WebSearch only - egress policy blocks bethnalgreenventures.com directly and the company's own site was not independently fetched in this session. Job listing for an 'EdTech UX Design & Product Lead' (requiring an exceptional UX/visual design portfolio) found via a job board. BGV invested in Chatterbox's Autumn 2016 cohort.,2026-09-03,2016,Y,"Date not found; total $2.18M seed raised (Bethnal Green Ventures, GMG Ventures, All Turtles)",,,Mursal,Hedayat,Co-Founder & CEO,https://www.linkedin.com/in/mursalhedayat,,United Kingdom,London,Chatterbox
Commonplace,https://www.commonplace.is/,Bethnal Green Ventures,Y,Product Designer; Senior Product Designer,N,"Indirect/unverified via WebSearch only - company's own site not independently fetched in this session. Job board listings confirm Product Designer / Senior Product Designer hiring history. Note: Commonplace was acquired by Zencity in Jan 2025, so it may now operate as part of Zencity rather than as a fully independent company - verify current status before outreach.",2026-09-03,2013,Y,Date not found (was Series A stage prior to Jan 2025 Zencity acquisition),,,Mike,Saunders,CEO & Co-Founder,https://www.linkedin.com/in/mikesaunders68,,United Kingdom,London,Commonplace
LettUs Grow,https://www.lettusgrow.com/,Bethnal Green Ventures,N,,N,"Indirect/unverified via WebSearch only. Founders are a biologist (Jack Farmer) and two design engineers (Charlie Guy, Ben Crowther) - 'design engineer' is a hardware/mechanical role, not a Product/UX/UI Designer title; no dedicated design role found.",2026-09-03,2015,Y,"Jan 2020 (£2.35M seed); total $4.95M raised (Bethnal Green Ventures, Parkwalk, Longwall Venture Partners)",,,Jack,Farmer,Co-Founder,,,United Kingdom,Bristol,LettUs Grow
CrossSense,https://crosssense.com/,Bethnal Green Ventures,N,,N,"Indirect/unverified via WebSearch only. Company (formerly Animorph Co-operative) is led by Szczepan Orlins, described as a software architect/software designer - not a dedicated Product/UX/UI Designer title; no design role found. BGV connection is from third-party portfolio-tracker data (deal dated Apr 21 2026) and was not independently confirmed on CrossSense's own site.",2026-09-03,Not confirmed (product launching early 2027; won the Longitude Prize on Dementia in Mar 2026),Y,"Mar 2026 (£1M Longitude Prize on Dementia grant - a prize, not an equity round)",,,Szczepan,Orlins,CEO,,,United Kingdom,London,CrossSense
Fairphone,https://www.fairphone.com/,Bethnal Green Ventures,Y,Lead Digital Product Designer; Senior Product Designer; Junior User Experience Designer; UX Researcher,N,"Indirect/unverified via WebSearch only - egress policy blocks bethnalgreenventures.com directly and fairphone.com was not independently fetched in this session. Design roles and named team member confirmed via job listings and LinkedIn. Note: Fairphone is a large, mature Amsterdam company (founded 2013); its BGV portfolio link came from a WebSearch summary of BGV's portfolio, not from BGV's own site directly - verify this association before outreach.",2026-09-03,2013,Y,Date not found (multiple funding/crowdfunding rounds over the years; mature revenue-generating company),,,Andre,Lima,Lead Digital Product Designer,https://www.linkedin.com/in/andrelimadesign/,,Netherlands,Amsterdam,Fairphone
Skin Analytics,https://skin-analytics.com/,Bethnal Green Ventures,Y,Head of UX Design & Research,N,"Indirect/unverified via WebSearch only - egress policy blocks bethnalgreenventures.com directly and skin-analytics.com was not independently fetched in this session. A 'Head of UX Design & Research' listing was found (appears closed/filled - current status unconfirmed). Note: its BGV portfolio link came from a WebSearch summary of BGV's portfolio, not from BGV's own site directly - verify this association before outreach.",2026-09-03,2012,Y,"Date not found (well-funded medtech/AI skin-cancer-screening company, Series B+ per third-party trackers)",,,Neil,Daly,Founder & CEO,https://www.linkedin.com/in/ndaly/,,United Kingdom,London,Skin Analytics
Gensyn,https://www.gensyn.ai/,EF,N,,N,"Indirect/unverified via WebSearch only - EF site (joinef.com) blocked by egress policy; company site not independently fetched this session. No screenshot possible. No Product/UX/UI Designer title found in search results. Funding figures conflict across sources ($43M/$50.6M/$93.6M cumulative) so Funding Date left blank. BD contact (Ben Fielding) and LinkedIn URL found via WebSearch/LinkedIn search, not company site.",2026-09-06,2020,Y,,,,Ben,Fielding,Co-Founder & CTO,https://www.linkedin.com/in/ben-fielding/,,UK,London,Gensyn
PolyAI,https://poly.ai/,EF,N,,N,"Indirect/unverified via WebSearch only - EF site (joinef.com) blocked by egress policy; company site not independently fetched this session. No screenshot possible. No Product/UX/UI Designer title found in search results. BD contact (CEO) identified via WebSearch only, not company site/LinkedIn directly.",2026-09-06,2017,Y,2025-12,,,Nikola,Mrksic,CEO & Co-Founder,,,UK,London,PolyAI
Asymmetric Security,,EF,N,,N,"Indirect/unverified via WebSearch only - EF site (joinef.com) blocked by egress policy; company site not independently fetched this session. No screenshot possible. Website domain not confirmed via search (left blank rather than guessing 'asymmetric.security'). No designer title found. BD contacts are co-founders per press coverage, not company site/LinkedIn.",2026-09-06,2025,Y,2026-01,,,Alexis,Carlier,Co-Founder,,,UK,London,Asymmetric Security
Aule Space,https://aule.space/,EF,N,,N,Indirect/unverified via WebSearch only - EF site (joinef.com) blocked by egress policy; company site not independently fetched this session. No screenshot possible. No designer title found. Part of Entrepreneur First programme per press coverage. BD contact via WebSearch/press only.,2026-09-06,2024,Y,2026-01,,,Jay,Panchal,Founder,,,India,,Aule Space
QFlow (Qualisflow),https://qualisflow.com/,EF,N,,N,"Indirect/unverified via WebSearch only - EF site (joinef.com) blocked by egress policy; company site not independently fetched this session. No screenshot possible. No designer title found. BD contact (co-founder) via press coverage of Autodesk investment, not company site/LinkedIn.",2026-09-06,2018,Y,2026-02,,,Brittany,Harris,Co-Founder,,,UK,London,QFlow (Qualisflow)
Cerebella,,Bethnal Green Ventures,N,,N,"Indirect/unverified via WebSearch only - BGV site (bethnalgreenventures.com) blocked by egress policy; company site not independently fetched this session. No screenshot possible. Company name ambiguous in search results (generic industry-hub listing only, multiple similarly-named entities exist); could not confirm website, founder, or designer info reliably. Latest BGV investment reportedly 2026-04-21 per Tracxn but unverified.",2026-09-06,,,,,,,,,,,,,Cerebella
Cicely,,Bethnal Green Ventures,N,,N,Indirect/unverified via WebSearch only - BGV site (bethnalgreenventures.com) blocked by egress policy; company site not independently fetched this session. No screenshot possible. Company name ambiguous in search results; no dedicated website or founder info found. Could not verify company identity beyond a bare mention as a BGV portfolio company.,2026-09-06,,,,,,,,,,,,,Cicely
Solivus,https://www.solivus.com,Founders Factory,N,,N,Indirect/unverified via WebSearch only - company site unreachable (egress blocked). No screenshot possible. Product Manager (Amy Lambourne) mentioned but no Product/UX/UI Designer title found. Funding raised across several rounds (~$6.86M total incl. Seedrs crowdfunding); exact latest date unclear so left blank.,2026-09-06,2016,Y,,,,Jo,Parker-Swift,Founder & CEO,,,UK,London,Solivus
Tree Track (TreeTrack),https://treetrack.ca/,Founders Factory,N,,N,"Indirect/unverified via WebSearch only - company site unreachable (egress blocked). No screenshot possible. No designer title found. Funding described only as grants/commercial/private investment mix, no confirmed VC round, so Funded left as N pending clearer signal.",2026-09-06,2022,N,,,,Amir,Soleimani,CEO & Co-Founder,,,Canada,Port Coquitlam,Tree Track (TreeTrack)
BuiltAI,https://www.builtai.co,Founders Factory,N,,N,Indirect/unverified via WebSearch only - company site unreachable (egress blocked). No screenshot possible. No designer title found.,2026-09-06,2021,Y,2025-12,,,Natan,Lempert,Founder & CEO,,,UK,London,BuiltAI
Hammock,https://usehammock.com/,Founders Factory,N,,N,Indirect/unverified via WebSearch only - company site unreachable (egress blocked). No screenshot possible. No designer title found. Total funding $8.48M raised across multiple rounds; exact latest date unclear so left blank.,2026-09-06,2019,Y,,,,Manoj,Varsani,Founder,,,UK,Manchester,Hammock
renude,https://renude.co/,Founders Factory,N,,N,Indirect/unverified via WebSearch only - company site unreachable (egress blocked). No screenshot possible. No designer title found. Total funding $3.79M raised; exact latest date unclear so left blank.,2026-09-06,2019,Y,,,,Pippa,Harman,Founder,,,UK,Kent,renude
ZeVie,https://www.zeviecars.com/,Founders Factory,N,,N,"Indirect/unverified via WebSearch only - company site unreachable (egress blocked). No screenshot possible. No designer title found. Search results conflated with similarly-named companies (Zevi, Zevvy, Zevoy); founder name and precise funding date not reliably confirmed so contact fields left blank.",2026-09-06,,Y,,,,,,,,,UK,,ZeVie
Reposit,http://getreposit.uk/,Founders Factory,N,,N,"Indirect/unverified via WebSearch only - company site unreachable (egress blocked). No screenshot possible. No designer title found. Founding year conflicts across sources (2011 vs 2015) so left blank. Note: Seedcamp also listed as an investor per search results, and Seedcamp's own portfolio page separately lists a 'Reposit' at reposit.co.uk - possibly the same company under a different/older domain; flagging to avoid a future duplicate row if that domain is researched separately.",2026-09-06,,Y,,,,Jude,Greer,Co-Founder & CEO,,,UK,London,Reposit
Bewica,http://bewica.com/,Founders Factory,N,,N,Indirect/unverified via WebSearch only - company site unreachable (egress blocked). No screenshot possible. No designer title found.,2026-09-06,2017,Y,,,,Eva,Berg-Winters,Founder & CEO,,,UK,London,Bewica
Moneycado,https://travelwithmoneycado.com,Founders Factory,N,,N,"Indirect/unverified via WebSearch only - company site unreachable (egress blocked). No screenshot possible. Company is now permanently closed per search results - flagging as an inactive lead, not a current BD target. A 'freelance designer' (first name Aveem only) was mentioned joining informally in company blog posts, but this doesn't meet the Product/UX/UI Designer title bar so marked N. No confirmed institutional funding round found.",2026-09-06,,N,,,,Oliver,Mitchell,Founder (company now closed),,,UK,London,Moneycado
Prospectral,https://www.prospectral.tech/,Founders Factory,N,,N,Indirect/unverified via WebSearch only - company site unreachable (egress blocked). No screenshot possible. No designer title found.,2026-09-06,,Y,2024,,,Gwenhivir,Wyatt-Moon,CEO & Co-Founder,,,UK,Cambridge,Prospectral
Chosen (Chosen AI),https://chosen.ai/,Founders Factory,N,,N,"Indirect/unverified via WebSearch only - company site unreachable (egress blocked). No screenshot possible. No designer title found. Company was acquired by The Big Search (2020-02-01) - flagging as likely inactive/absorbed, not an independent BD target currently.",2026-09-06,2018,Y,,,,Will,Ritchie,Founder & CEO,,,UK,London,Chosen (Chosen AI)
Ogma,https://www.ogmatherapy.com/,Founders Factory,N,,N,Indirect/unverified via WebSearch only - company site unreachable (egress blocked). No screenshot possible. No designer title found. Funding amount/date not found in search results (launched via Nesta Mission Studio as an FF venture concept).,2026-09-06,,,,,,Cole,Robertson,Co-Founder & CTO,,,UK,,Ogma
Fabric (fabricfintech.com),https://www.fabricfintech.com/,Founders Factory,N,,N,"Indirect/unverified via WebSearch only - company site unreachable (egress blocked). No screenshot possible. Search results returned a different, larger e-commerce company also named 'Fabric' (Seattle-based, $297M raised); could not confirm details specific to fabricfintech.com. No reliable signal - all other fields left blank pending a more targeted search.",2026-09-06,,,,,,,,,,,,,Fabric (fabricfintech.com)
Previse,https://previse.co/,Founders Factory,N,,N,"Indirect/unverified via WebSearch only - company site unreachable (egress blocked). No screenshot possible. No designer title found. Total funding $57.5M; the $11M round found is from 2020 so may not reflect latest status, left Funding Date blank.",2026-09-06,2016,Y,,,,Paul,Christensen,CEO & Co-Founder,,,UK,London,Previse
The Stream (esg-stream.com),https://www.esg-stream.com/,Founders Factory,N,,N,"Indirect/unverified via WebSearch only - company site unreachable (egress blocked). No screenshot possible. Search results returned other, unrelated companies also named 'Stream' (GetStream.io, a UK workplace-finance platform); could not confirm details specific to esg-stream.com. No reliable signal - all other fields left blank.",2026-09-06,,,,,,,,,,,,,The Stream (esg-stream.com)
Matnex (Materials Nexus),http://materialsnexus.com,Founders Factory,N,,N,Indirect/unverified via WebSearch only - company site unreachable (egress blocked). No screenshot possible. No designer title found. Sources conflict on HQ city (Cambridge vs London) so City left blank.,2026-09-06,2020,Y,2023-06,,,Jonathan,Bean,Founder & CEO,,,UK,,Matnex (Materials Nexus)
Alomana,https://alomana.com/,Founders Factory,N,,N,Indirect/unverified via WebSearch only - company site unreachable (egress blocked). No screenshot possible. No individual team member named beyond generic background description (ex-Bloomberg/ECB/BCG/NASA); contact fields left blank rather than guessing.,2026-09-06,2024,Y,2026-03,,,,,,,,Italy,Milan,Alomana
Teams.gg,,Founders Factory,N,,N,"No company-specific information found via WebSearch - results returned only generic startup team-building articles, not this specific company. FF portfolio page listed this name without a resolvable public profile in this session. Website, founder and funding fields left blank rather than guessing.",2026-09-06,,,,,,,,,,,,,Teams.gg
Inaza,https://www.inaza.com,Founders Factory,N,,N,Indirect/unverified via WebSearch only - company site unreachable (egress blocked). No screenshot possible. No designer title found.,2026-09-06,2020,Y,2021-12,,,Aravind,Ravi,Co-Founder & CEO,,,Ireland,Cork,Inaza
Kiro (Kiro Money),https://www.joinkiro.com/,Founders Factory,N,,N,Indirect/unverified via WebSearch only - company site unreachable (egress blocked). No screenshot possible. No designer title found.,2026-09-06,,Y,,,,Alisha,Chowdhury,Founder,,,,,Kiro (Kiro Money)
Shepper,http://shepper.com/,Founders Factory,N,,N,"Indirect/unverified via WebSearch only - company site unreachable (egress blocked). No screenshot possible. No dedicated Product/UX/UI Designer title found, though Jan Vanhoutte holds Co-Founder & CPO (Chief Product Officer) - a product-adjacent but not design-titled role.",2026-09-06,2016,Y,2018,,,Ben,Prouty,CEO & Co-Founder,,,UK,London,Shepper
Climate Karma,http://www.climatekarma.eco,Founders Factory,N,,N,Indirect/unverified via WebSearch only - company site unreachable (egress blocked). No screenshot possible. No designer title found. Funding amount undisclosed.,2026-09-06,2021,Y,2023-06,,,Wendell,Brown,CEO,,,US,Binghamton,Climate Karma
Glimpse (glimpseprotocol.io),https://www.glimpseprotocol.io/,Founders Factory,N,,N,"Indirect/unverified via WebSearch only - company site unreachable (egress blocked). No screenshot possible. Search results returned a different, unrelated company also named 'Glimpse' (fintech deductions-automation platform); could not confirm details specific to glimpseprotocol.io. No reliable signal - all other fields left blank.",2026-09-06,,,,,,,,,,,,,Glimpse (glimpseprotocol.io)
Beep,https://beep.finance/,Founders Factory,N,,N,Indirect/unverified via WebSearch only - company site unreachable (egress blocked). No screenshot possible. No designer title found. Funding amount undisclosed by name.,2026-09-06,2025,Y,,,,Arpan,Nanavati,CEO,,,US,San Francisco,Beep
Gaia,https://gaiafamily.com,Seedcamp,N,,N,Indirect/unverified via WebSearch only - company site unreachable (egress blocked). No screenshot possible. No designer title found.,2026-09-06,2019,Y,2022-02,,,Nader,AlSalim,Founder & CEO,,,UK,London,Gaia
Revox,https://getrevox.com,Seedcamp,N,,N,Indirect/unverified via WebSearch only - company site unreachable (egress blocked). No screenshot possible. No designer title found.,2026-09-06,2026,Y,2026,,,Aric,Lasry,Co-Founder,,,US,San Francisco,Revox
Isidor,https://www.isidor.ai/,Seedcamp,N,,N,"Indirect/unverified via WebSearch only - company site unreachable (egress blocked). No screenshot possible. No designer title found. No individual founder named in results beyond generic 'engineers and researchers' description, so contact fields left blank.",2026-09-06,2025-09,Y,,,,,,,,,US,San Francisco,Isidor
Porters,https://www.withporters.com,Seedcamp,N,,N,Indirect/unverified via WebSearch only - company site unreachable (egress blocked). No screenshot possible. No designer title found.,2026-09-06,,Y,2026-02,,,Konstantin,Kotulla,Co-Founder,,,,,Porters
Andel,https://andel.org,Seedcamp,N,,N,Indirect/unverified via WebSearch only - company site unreachable (egress blocked). No screenshot possible. No designer title found.,2026-09-06,2025,Y,2025-10,,,Jay,Bregman,Co-Founder,,,US,Las Vegas,Andel
Catch,https://catchagent.ai,Seedcamp,N,,N,Indirect/unverified via WebSearch only - company site unreachable (egress blocked). No screenshot possible. No designer title found.,2026-09-06,,Y,2026-09-03,,,Nir,Sabato,CEO & Co-Founder,,,,,Catch
Omniscient,https://omniscient.so,Seedcamp,N,,N,Indirect/unverified via WebSearch only - company site unreachable (egress blocked). No screenshot possible. No designer title found.,2026-09-06,,Y,2026-04,,,Arnaud,d'Estienne,CEO & Co-Founder,,,France,Paris,Omniscient
La Fraise Pro,https://lafraise.pro,Seedcamp,N,,N,Indirect/unverified via WebSearch only - company site unreachable (egress blocked). No screenshot possible. No designer title found.,2026-09-06,2025,Y,2025-11-17,,,Matthieu,Kern,Co-Founder & CTO,,,France,Paris,La Fraise Pro
Wexler,https://www.wexler.ai,Seedcamp,N,,N,Indirect/unverified via WebSearch only - company site unreachable (egress blocked). No screenshot possible. No designer title found.,2026-09-06,2023-01,Y,2025-09,,,Gregory,Mostyn,CEO & Co-Founder,,,UK,London,Wexler
TimeTrace Labs,https://timetracelabs.com,Seedcamp,N,,N,"Indirect/unverified via WebSearch only - company site unreachable (egress blocked). No screenshot possible. A search result mentioned a 'Product Designer' role, but on closer inspection this appears to be an unrelated Y Combinator job listing (for a different company, 'Tempo') mixed into the results, not a confirmed TimeTrace Labs role - so marked N rather than risk a false positive. Funding amount/date not found.",2026-09-06,,Y,,,,Chrystalina,Antoniades,Co-Founder,,,UK,Oxford,TimeTrace Labs
Outpost Bio,https://outpost.bio,Seedcamp,N,,N,Indirect/unverified via WebSearch only - company site unreachable (egress blocked). No screenshot possible. No designer title found.,2026-09-06,2025,Y,2026-03,,,Jenny,Yang,Co-Founder & CEO,,,,,Outpost Bio
Topograph,https://topograph.co,Seedcamp,N,,N,Indirect/unverified via WebSearch only - company site unreachable (egress blocked). No screenshot possible. No designer title found. LinkedIn URL found directly in search results.,2026-09-06,2024,Y,2026-03,,,Hugo,Dellinger,CTO & Co-Founder,https://www.linkedin.com/in/hugo-dellinger-96aa6368/,,France,Paris,Topograph
Tano,https://www.tano.ai/,Seedcamp,N,,N,Indirect/unverified via WebSearch only - company site unreachable (egress blocked). No screenshot possible. No designer title found.,2026-09-06,2025-02-24,Y,,,,Will,Caplan,Co-Founder,,,UK,London,Tano
Dalton (DaltonTx),https://www.daltontx.com,Seedcamp,N,,N,Indirect/unverified via WebSearch only - company site unreachable (egress blocked). No screenshot possible. No designer title found.,2026-09-06,,Y,2025-09,,,Garry,Pairaudeau,Co-Founder,,,UK,London,Dalton (DaltonTx)
Motley,https://motley.ai,Seedcamp,N,,N,Indirect/unverified via WebSearch only - company site unreachable (egress blocked). No screenshot possible. No designer title found. Later raised a separate €13.8M Series A per one source; exact date unclear so left blank.,2026-09-06,2025,Y,,,,Yann,Ranchere,CEO & Co-Founder,,,Switzerland,Zurich,Motley
Massive Dynamic,https://massive-dynamic.ai,Seedcamp,N,,N,"Indirect/unverified via WebSearch only - company site unreachable (egress blocked). No screenshot possible. Search results returned a different, unrelated company simply named 'Massive' (AI job-application platform, founded 2020); could not confirm details specific to massive-dynamic.ai. No reliable signal - all other fields left blank.",2026-09-06,,,,,,,,,,,,,Massive Dynamic
Memories (Memories.ai),https://memories.ai,Seedcamp,N,,N,Indirect/unverified via WebSearch only - company site unreachable (egress blocked). No screenshot possible. No designer title found. Funding figures conflict across sources ($8M seed + $8M extension vs. $16M total with NVIDIA); Funding Date left blank pending clarification.,2026-09-06,2024,Y,,,,Shawn,Shen,Co-Founder,,,,,Memories (Memories.ai)
Kerys (KERYS Software),https://kerys.software,Seedcamp,N,,N,Indirect/unverified via WebSearch only - company site unreachable (egress blocked). No screenshot possible. No designer title found.,2026-09-06,2024,Y,2025-07,,,Thomas,Girard,CEO,,,France,Palaiseau,Kerys (KERYS Software)
Murphy,https://getmurphy.ai,Seedcamp,N,,N,Indirect/unverified via WebSearch only - company site unreachable (egress blocked). No screenshot possible. No designer title found.,2026-09-06,2024,Y,2025-07,,,Borja,Sole,CEO & Co-Founder,,,Spain,Barcelona,Murphy
Kraka,https://www.gokraka.com,Seedcamp,N,,N,"Indirect/unverified via WebSearch only - company site unreachable (egress blocked). No screenshot possible. No designer title found. No individual founder named in search results, so contact fields left blank rather than guessing.",2026-09-06,,Y,,,,,,,,,,,Kraka
